id_municipio,id_uf,meta_alvo,taxa_base,media_portugues_base,gap_base_meta,uf,regiao,prob_risco_abaixo_meta_2025,pred_risco_abaixo_meta_2025,faixa_risco
4320453,43,80.0,11.1,712.17,-68.9,RS,Sul,0.9986451441681365,1,Muito alto
4301073,43,80.0,18.2,713.54,-61.8,RS,Sul,0.998292356888396,1,Muito alto
4310850,43,80.0,25.0,713.77,-55.0,RS,Sul,0.9979471984311632,1,Muito alto
4313334,43,80.0,28.0,714.96,-52.0,RS,Sul,0.9976880766899424,1,Muito alto
4306700,43,80.0,26.7,718.83,-53.3,RS,Sul,0.9974442039805753,1,Muito alto
4319752,43,80.0,25.0,723.18,-55.0,RS,Sul,0.9971569511299553,1,Muito alto
4320354,43,75.7,23.5,709.41,-52.2,RS,Sul,0.9970910581609457,1,Muito alto
4321493,43,80.0,38.7,715.07,-41.3,RS,Sul,0.9969388025984377,1,Muito alto
4302584,43,80.0,27.3,727.09,-52.7,RS,Sul,0.9965457724793725,1,Muito alto
4305900,43,79.43,36.0,720.74,-43.43000000000001,RS,Sul,0.9962703497398192,1,Muito alto
4318614,43,80.0,37.5,726.25,-42.5,RS,Sul,0.9956323458739058,1,Muito alto
4313102,43,80.0,35.9,729.18,-44.1,RS,Sul,0.9953629089810003,1,Muito alto
4312203,43,80.0,33.3,732.07,-46.7,RS,Sul,0.9952090577811669,1,Muito alto
4310702,43,80.0,36.8,729.61,-43.2,RS,Sul,0.9951828660168108,1,Muito alto
4306973,43,75.37,38.5,711.61,-36.870000000000005,RS,Sul,0.9951796135520062,1,Muito alto
2910206,29,80.0,52.38,741.14,-27.619999999999997,BA,Nordeste,0.9951314153014148,1,Muito alto
4307203,43,80.0,38.8,728.52,-41.2,RS,Sul,0.9951148769366107,1,Muito alto
2924504,29,73.83,38.33,730.67,-35.5,BA,Nordeste,0.9949009935526656,1,Muito alto
4319000,43,80.0,38.3,730.19,-41.7,RS,Sul,0.9948913622695599,1,Muito alto
4313953,43,74.82,25.7,721.29,-49.11999999999999,RS,Sul,0.9948180145972181,1,Muito alto
4323507,43,80.0,33.3,734.39,-46.7,RS,Sul,0.9948095831075245,1,Muito alto
2933257,29,71.69,35.85,726.94,-35.839999999999996,BA,Nordeste,0.9945071436649379,1,Muito alto
4305124,43,76.56,39.8,719.89,-36.760000000000005,RS,Sul,0.994282066850003,1,Muito alto
4320230,43,80.0,36.1,735.29,-43.9,RS,Sul,0.9942446549925726,1,Muito alto
4307500,43,80.0,39.1,733.47,-40.9,RS,Sul,0.99415988230324,1,Muito alto
4302238,43,74.0,26.6,721.82,-47.4,RS,Sul,0.9940163526940173,1,Muito alto
4319208,43,65.1,7.1,704.48,-57.99999999999999,RS,Sul,0.9939607382837378,1,Muito alto
4314209,43,71.61,22.3,717.16,-49.31,RS,Sul,0.9938555586364461,1,Muito alto
4318903,43,80.0,42.3,733.31,-37.7,RS,Sul,0.9936923162956897,1,Muito alto
4322541,43,77.4,35.0,729.53,-42.400000000000006,RS,Sul,0.9936563978560674,1,Muito alto
4308409,43,80.0,40.0,735.23,-40.0,RS,Sul,0.9936487506153442,1,Muito alto
4321634,43,80.0,40.0,735.39,-40.0,RS,Sul,0.9936136230600893,1,Muito alto
4304408,43,79.06,42.2,730.64,-36.86,RS,Sul,0.9935481756684247,1,Muito alto
4322855,43,80.0,46.7,731.34,-33.3,RS,Sul,0.9933984431427049,1,Muito alto
4304952,43,80.0,40.0,736.44,-40.0,RS,Sul,0.9933782601354448,1,Muito alto
4311122,43,72.13,25.6,719.93,-46.529999999999994,RS,Sul,0.993101763167085,1,Muito alto
4300901,43,80.0,39.2,738.87,-40.8,RS,Sul,0.9929468893617946,1,Muito alto
4312617,43,72.3,29.4,718.65,-42.9,RS,Sul,0.992872913499448,1,Muito alto
4307401,43,80.0,48.4,732.44,-31.6,RS,Sul,0.9928363718756897,1,Muito alto
2900504,29,71.83,37.21,734.63,-34.62,BA,Nordeste,0.9927125349345377,1,Muito alto
4301552,43,80.0,37.5,742.0,-42.5,RS,Sul,0.9924806879703699,1,Muito alto
4305587,43,80.0,39.9,740.23,-40.1,RS,Sul,0.9924741769400746,1,Muito alto
4311254,43,80.0,42.9,738.15,-37.1,RS,Sul,0.9924315806808708,1,Muito alto
4312138,43,77.53,38.7,732.68,-38.83,RS,Sul,0.9923468966098976,1,Muito alto
4311643,43,80.0,41.2,740.18,-38.8,RS,Sul,0.9922313578794131,1,Muito alto
4305801,43,80.0,45.7,738.29,-34.3,RS,Sul,0.9918265546488481,1,Muito alto
4305850,43,80.0,41.7,742.23,-38.3,RS,Sul,0.9915555442566136,1,Muito alto
4306924,43,77.83,41.2,734.92,-36.629999999999995,RS,Sul,0.9915073305284317,1,Muito alto
4318481,43,79.12,43.8,737.65,-35.32000000000001,RS,Sul,0.9915048632699678,1,Muito alto
4319158,43,77.4,47.5,729.77,-29.900000000000006,RS,Sul,0.9911745190431465,1,Muito alto
4303905,43,78.12,45.4,734.58,-32.720000000000006,RS,Sul,0.9909797647460835,1,Muito alto
4320677,43,72.89,36.3,723.19,-36.59,RS,Sul,0.9907531472943915,1,Muito alto
2913002,29,67.94,37.36,727.64,-30.58,BA,Nordeste,0.9906660814009821,1,Muito alto
4316733,43,76.51,40.9,733.3,-35.61000000000001,RS,Sul,0.9906070386451437,1,Muito alto
4310108,43,80.0,49.6,739.42,-30.4,RS,Sul,0.990606045980055,1,Muito alto
4315750,43,77.2,42.1,735.1,-35.1,RS,Sul,0.9905417206153486,1,Muito alto
4317558,43,74.62,34.6,731.77,-40.02,RS,Sul,0.9904131990290491,1,Muito alto
4315909,43,80.0,48.8,740.71,-31.200000000000003,RS,Sul,0.9903801104392754,1,Muito alto
4321667,43,80.0,53.5,737.36,-26.5,RS,Sul,0.9903252602157525,1,Muito alto
4301651,43,80.0,53.5,737.94,-26.5,RS,Sul,0.9901305530889274,1,Muito alto
4319604,43,80.0,49.7,740.97,-30.299999999999997,RS,Sul,0.9900667149535961,1,Muito alto
4302303,43,74.87,40.2,729.61,-34.67,RS,Sul,0.9900356589457011,1,Muito alto
4316477,43,80.0,44.4,745.76,-35.6,RS,Sul,0.9897809851853668,1,Muito alto
4323200,43,80.0,56.3,736.88,-23.700000000000003,RS,Sul,0.989773652517506,1,Muito alto
4322525,43,80.0,47.1,743.82,-32.9,RS,Sul,0.9897530399238396,1,Muito alto
4310462,43,80.0,44.4,745.95,-35.6,RS,Sul,0.9897140969311826,1,Muito alto
4300877,43,76.98,43.5,735.76,-33.480000000000004,RS,Sul,0.9896925302414179,1,Muito alto
4322301,43,80.0,52.7,739.96,-27.299999999999997,RS,Sul,0.9896367524829288,1,Muito alto
4300661,43,72.3,33.3,726.93,-39.0,RS,Sul,0.9895250266261901,1,Muito alto
4319802,43,78.12,45.7,738.84,-32.42,RS,Sul,0.9894773359063931,1,Muito alto
2915700,29,66.28,36.76,725.6,-29.520000000000003,BA,Nordeste,0.9894679527682229,1,Muito alto
4319901,43,74.99,41.1,731.24,-33.88999999999999,RS,Sul,0.9893752008506211,1,Muito alto
4319125,43,77.52,46.2,736.79,-31.319999999999993,RS,Sul,0.9892972561881809,1,Muito alto
4303707,43,80.0,50.3,742.9,-29.700000000000003,RS,Sul,0.989221376356703,1,Muito alto
4310306,43,80.0,48.3,745.05,-31.700000000000003,RS,Sul,0.9889767271451728,1,Muito alto
4316451,43,80.0,50.9,743.22,-29.1,RS,Sul,0.9889332488904737,1,Muito alto
2919009,29,59.77,21.21,715.25,-38.56,BA,Nordeste,0.9888858911871287,1,Muito alto
2411502,24,70.8,23.56,711.75,-47.239999999999995,RN,Nordeste,0.9886447798659854,1,Muito alto
4314076,43,80.0,50.2,744.56,-29.799999999999997,RS,Sul,0.9886189287889857,1,Muito alto
4305306,43,76.72,47.5,734.99,-29.22,RS,Sul,0.9885110246450848,1,Muito alto
4314464,43,75.92,35.3,741.36,-40.620000000000005,RS,Sul,0.9884563097065872,1,Muito alto
4316600,43,76.11,43.2,736.14,-32.91,RS,Sul,0.988455632458029,1,Muito alto
4319703,43,80.0,48.5,746.28,-31.5,RS,Sul,0.9884425398711605,1,Muito alto
4312906,43,78.52,51.8,738.5,-26.72,RS,Sul,0.9884259280944222,1,Muito alto
4320404,43,80.0,50.7,744.79,-29.299999999999997,RS,Sul,0.9883807306447566,1,Muito alto
4309001,43,77.4,46.3,738.68,-31.10000000000001,RS,Sul,0.9883792022162763,1,Muito alto
2917334,29,59.11,25.53,711.01,-33.58,BA,Nordeste,0.988347731344636,1,Muito alto
4304507,43,79.79,51.7,743.44,-28.090000000000003,RS,Sul,0.9883177698045043,1,Muito alto
4308052,43,78.71,51.9,739.68,-26.809999999999995,RS,Sul,0.9881985046576419,1,Muito alto
2909505,29,64.73,34.55,725.04,-30.180000000000007,BA,Nordeste,0.9881675216130754,1,Muito alto
4321808,43,79.31,51.2,742.6,-28.11,RS,Sul,0.9881066928495814,1,Muito alto
1303304,13,80.0,50.99,735.97,-29.009999999999998,AM,Norte,0.9880013966797515,1,Muito alto
2912806,29,66.82,37.84,730.7,-28.97999999999999,BA,Nordeste,0.9879378901926109,1,Muito alto
4312302,43,79.28,51.7,742.55,-27.58,RS,Sul,0.9879290582914417,1,Muito alto
2909000,29,72.68,52.46,741.16,-20.220000000000006,BA,Nordeste,0.9878557014296443,1,Muito alto
4313607,43,79.26,53.1,742.02,-26.160000000000004,RS,Sul,0.9876827137303926,1,Muito alto
4320651,43,70.92,35.7,724.99,-35.22,RS,Sul,0.9876305445545377,1,Muito alto
4316428,43,79.16,43.8,748.84,-35.36,RS,Sul,0.9875871442327422,1,Muito alto
4306205,43,71.94,35.2,729.25,-36.739999999999995,RS,Sul,0.9875470315679064,1,Muito alto
4303202,43,80.0,58.2,741.23,-21.799999999999997,RS,Sul,0.9875350181226386,1,Muito alto
